UserLoginId,score,Score_Bucket
101167,0.932471,0.80-1.00 Very High
101241,0.929209,0.80-1.00 Very High
101316,0.924981,0.80-1.00 Very High
101445,0.922935,0.80-1.00 Very High
100677,0.902036,0.80-1.00 Very High
100303,0.902034,0.80-1.00 Very High
101343,0.891904,0.80-1.00 Very High
101057,0.886208,0.80-1.00 Very High
100484,0.858189,0.80-1.00 Very High
101254,0.834202,0.80-1.00 Very High
100631,0.772118,0.60-0.80 High
100839,0.737572,0.60-0.80 High
100031,0.731969,0.60-0.80 High
100964,0.707413,0.60-0.80 High
100182,0.698941,0.60-0.80 High
101361,0.698003,0.60-0.80 High
101221,0.693801,0.60-0.80 High
100442,0.693519,0.60-0.80 High
101281,0.673177,0.60-0.80 High
101011,0.67049,0.60-0.80 High
101380,0.66543,0.60-0.80 High
101375,0.64828,0.60-0.80 High
100104,0.644309,0.60-0.80 High
100679,0.641052,0.60-0.80 High
100643,0.628859,0.60-0.80 High
101437,0.621024,0.60-0.80 High
100283,0.620992,0.60-0.80 High
100115,0.620427,0.60-0.80 High
100329,0.618412,0.60-0.80 High
101366,0.615102,0.60-0.80 High
100814,0.614877,0.60-0.80 High
100638,0.609304,0.60-0.80 High
100713,0.606943,0.60-0.80 High
100797,0.602849,0.60-0.80 High
101454,0.602553,0.60-0.80 High
100476,0.602357,0.60-0.80 High
100779,0.600166,0.60-0.80 High
100815,0.597185,0.40-0.60 Medium
100218,0.595488,0.40-0.60 Medium
100135,0.595316,0.40-0.60 Medium
100047,0.592246,0.40-0.60 Medium
101197,0.58997,0.40-0.60 Medium
101429,0.589577,0.40-0.60 Medium
100742,0.587311,0.40-0.60 Medium
100975,0.583195,0.40-0.60 Medium
101341,0.578541,0.40-0.60 Medium
100570,0.573416,0.40-0.60 Medium
100153,0.571097,0.40-0.60 Medium
100167,0.563214,0.40-0.60 Medium
100921,0.558195,0.40-0.60 Medium
101085,0.556739,0.40-0.60 Medium
100256,0.548583,0.40-0.60 Medium
100161,0.547458,0.40-0.60 Medium
101070,0.544863,0.40-0.60 Medium
101187,0.539989,0.40-0.60 Medium
100445,0.537797,0.40-0.60 Medium
100460,0.537758,0.40-0.60 Medium
100275,0.537373,0.40-0.60 Medium
101400,0.536139,0.40-0.60 Medium
100810,0.535239,0.40-0.60 Medium
100769,0.532607,0.40-0.60 Medium
100781,0.529128,0.40-0.60 Medium
100475,0.527159,0.40-0.60 Medium
100942,0.52617,0.40-0.60 Medium
100634,0.525688,0.40-0.60 Medium
100325,0.525054,0.40-0.60 Medium
100604,0.524209,0.40-0.60 Medium
101209,0.522786,0.40-0.60 Medium
100896,0.520341,0.40-0.60 Medium
100363,0.520157,0.40-0.60 Medium
100180,0.517934,0.40-0.60 Medium
100666,0.517849,0.40-0.60 Medium
101039,0.512178,0.40-0.60 Medium
100197,0.510121,0.40-0.60 Medium
100028,0.51007,0.40-0.60 Medium
101307,0.507414,0.40-0.60 Medium
100635,0.503416,0.40-0.60 Medium
101319,0.502729,0.40-0.60 Medium
100375,0.501284,0.40-0.60 Medium
100415,0.5007,0.40-0.60 Medium
101340,0.500569,0.40-0.60 Medium
101494,0.500352,0.40-0.60 Medium
101019,0.496815,0.40-0.60 Medium
101472,0.494844,0.40-0.60 Medium
100668,0.493613,0.40-0.60 Medium
101379,0.493584,0.40-0.60 Medium
100406,0.492093,0.40-0.60 Medium
100549,0.490751,0.40-0.60 Medium
100895,0.489988,0.40-0.60 Medium
101047,0.489544,0.40-0.60 Medium
100261,0.489373,0.40-0.60 Medium
100162,0.486638,0.40-0.60 Medium
100946,0.485754,0.40-0.60 Medium
101420,0.485238,0.40-0.60 Medium
101240,0.484575,0.40-0.60 Medium
100359,0.483862,0.40-0.60 Medium
101276,0.480662,0.40-0.60 Medium
100178,0.479301,0.40-0.60 Medium
100770,0.478939,0.40-0.60 Medium
100535,0.478299,0.40-0.60 Medium
101444,0.477051,0.40-0.60 Medium
100232,0.475294,0.40-0.60 Medium
100696,0.473584,0.40-0.60 Medium
101102,0.47303,0.40-0.60 Medium
101458,0.472011,0.40-0.60 Medium
101433,0.470507,0.40-0.60 Medium
101148,0.469663,0.40-0.60 Medium
101312,0.468738,0.40-0.60 Medium
100070,0.468073,0.40-0.60 Medium
100377,0.466691,0.40-0.60 Medium
100332,0.463976,0.40-0.60 Medium
100602,0.462947,0.40-0.60 Medium
100868,0.462832,0.40-0.60 Medium
100565,0.461663,0.40-0.60 Medium
101096,0.460952,0.40-0.60 Medium
101249,0.460313,0.40-0.60 Medium
101135,0.457869,0.40-0.60 Medium
100052,0.457119,0.40-0.60 Medium
100891,0.455924,0.40-0.60 Medium
100907,0.455198,0.40-0.60 Medium
101195,0.4538,0.40-0.60 Medium
100338,0.452965,0.40-0.60 Medium
100947,0.452158,0.40-0.60 Medium
101355,0.447662,0.40-0.60 Medium
100065,0.447662,0.40-0.60 Medium
100416,0.4467,0.40-0.60 Medium
100626,0.446038,0.40-0.60 Medium
100308,0.443232,0.40-0.60 Medium
100940,0.442386,0.40-0.60 Medium
101287,0.442272,0.40-0.60 Medium
100344,0.440619,0.40-0.60 Medium
100457,0.440429,0.40-0.60 Medium
100762,0.440327,0.40-0.60 Medium
100356,0.440044,0.40-0.60 Medium
101002,0.439675,0.40-0.60 Medium
100772,0.439205,0.40-0.60 Medium
101331,0.43883,0.40-0.60 Medium
100563,0.438695,0.40-0.60 Medium
100506,0.436398,0.40-0.60 Medium
100140,0.436298,0.40-0.60 Medium
100965,0.435508,0.40-0.60 Medium
100933,0.435087,0.40-0.60 Medium
100533,0.434802,0.40-0.60 Medium
101194,0.434082,0.40-0.60 Medium
101346,0.433565,0.40-0.60 Medium
100508,0.43336,0.40-0.60 Medium
100384,0.43198,0.40-0.60 Medium
101255,0.431763,0.40-0.60 Medium
100780,0.430975,0.40-0.60 Medium
100000,0.430141,0.40-0.60 Medium
100444,0.430094,0.40-0.60 Medium
100413,0.429605,0.40-0.60 Medium
100825,0.428777,0.40-0.60 Medium
101283,0.428705,0.40-0.60 Medium
100832,0.42836,0.40-0.60 Medium
100015,0.427901,0.40-0.60 Medium
100877,0.427459,0.40-0.60 Medium
101371,0.427002,0.40-0.60 Medium
100771,0.426206,0.40-0.60 Medium
100603,0.424562,0.40-0.60 Medium
100811,0.42427,0.40-0.60 Medium
101305,0.42417,0.40-0.60 Medium
100493,0.424084,0.40-0.60 Medium
100768,0.423914,0.40-0.60 Medium
101470,0.423819,0.40-0.60 Medium
100970,0.423347,0.40-0.60 Medium
100898,0.421533,0.40-0.60 Medium
100037,0.421351,0.40-0.60 Medium
100816,0.420912,0.40-0.60 Medium
101014,0.420338,0.40-0.60 Medium
101121,0.419622,0.40-0.60 Medium
101485,0.419441,0.40-0.60 Medium
101220,0.41834,0.40-0.60 Medium
100712,0.417984,0.40-0.60 Medium
100663,0.416506,0.40-0.60 Medium
100188,0.416174,0.40-0.60 Medium
100686,0.415757,0.40-0.60 Medium
101051,0.412341,0.40-0.60 Medium
100707,0.41197,0.40-0.60 Medium
100854,0.411585,0.40-0.60 Medium
100963,0.410054,0.40-0.60 Medium
101261,0.408964,0.40-0.60 Medium
100318,0.408766,0.40-0.60 Medium
100113,0.408253,0.40-0.60 Medium
100483,0.407002,0.40-0.60 Medium
100847,0.406711,0.40-0.60 Medium
101053,0.405801,0.40-0.60 Medium
101099,0.403898,0.40-0.60 Medium
100152,0.402962,0.40-0.60 Medium
100893,0.402722,0.40-0.60 Medium
101061,0.402528,0.40-0.60 Medium
101313,0.402517,0.40-0.60 Medium
100552,0.400644,0.40-0.60 Medium
101421,0.400368,0.40-0.60 Medium
101191,0.399448,0.20-0.40 Low
100687,0.398731,0.20-0.40 Low
100823,0.398257,0.20-0.40 Low
101036,0.397774,0.20-0.40 Low
100523,0.397428,0.20-0.40 Low
100382,0.397232,0.20-0.40 Low
101236,0.396671,0.20-0.40 Low
100728,0.396157,0.20-0.40 Low
100561,0.393848,0.20-0.40 Low
101196,0.393313,0.20-0.40 Low
101006,0.392991,0.20-0.40 Low
101028,0.392358,0.20-0.40 Low
100987,0.391369,0.20-0.40 Low
100641,0.39073,0.20-0.40 Low
101373,0.390196,0.20-0.40 Low
101013,0.389577,0.20-0.40 Low
100430,0.387779,0.20-0.40 Low
100388,0.387178,0.20-0.40 Low
100069,0.386088,0.20-0.40 Low
101478,0.385351,0.20-0.40 Low
100491,0.383673,0.20-0.40 Low
100936,0.382677,0.20-0.40 Low
101321,0.38245,0.20-0.40 Low
100080,0.382444,0.20-0.40 Low
101174,0.38237,0.20-0.40 Low
100593,0.381439,0.20-0.40 Low
101326,0.38131,0.20-0.40 Low
100371,0.381068,0.20-0.40 Low
100405,0.380014,0.20-0.40 Low
100191,0.37976,0.20-0.40 Low
101171,0.379557,0.20-0.40 Low
100224,0.379025,0.20-0.40 Low
100289,0.379011,0.20-0.40 Low
100845,0.378704,0.20-0.40 Low
101245,0.37853,0.20-0.40 Low
100622,0.377944,0.20-0.40 Low
101161,0.377423,0.20-0.40 Low
100751,0.376902,0.20-0.40 Low
101232,0.37686,0.20-0.40 Low
100414,0.376532,0.20-0.40 Low
100827,0.37637,0.20-0.40 Low
100737,0.374141,0.20-0.40 Low
100231,0.374026,0.20-0.40 Low
100519,0.373581,0.20-0.40 Low
101353,0.373539,0.20-0.40 Low
100130,0.373281,0.20-0.40 Low
100968,0.372179,0.20-0.40 Low
101183,0.369816,0.20-0.40 Low
100691,0.369785,0.20-0.40 Low
100134,0.369546,0.20-0.40 Low
100017,0.369359,0.20-0.40 Low
101334,0.369015,0.20-0.40 Low
100595,0.367993,0.20-0.40 Low
101147,0.367351,0.20-0.40 Low
100627,0.366258,0.20-0.40 Low
101110,0.366252,0.20-0.40 Low
100516,0.366134,0.20-0.40 Low
100393,0.36524,0.20-0.40 Low
100812,0.36517,0.20-0.40 Low
100216,0.364643,0.20-0.40 Low
100755,0.364252,0.20-0.40 Low
101320,0.36265,0.20-0.40 Low
100193,0.362295,0.20-0.40 Low
100608,0.360652,0.20-0.40 Low
100492,0.360602,0.20-0.40 Low
100577,0.358632,0.20-0.40 Low
101389,0.358534,0.20-0.40 Low
100156,0.358286,0.20-0.40 Low
100174,0.357931,0.20-0.40 Low
101251,0.357563,0.20-0.40 Low
100890,0.357422,0.20-0.40 Low
101497,0.35732,0.20-0.40 Low
100155,0.357278,0.20-0.40 Low
100297,0.356769,0.20-0.40 Low
100160,0.356612,0.20-0.40 Low
100711,0.356175,0.20-0.40 Low
100207,0.356075,0.20-0.40 Low
100732,0.355257,0.20-0.40 Low
101134,0.354769,0.20-0.40 Low
100982,0.353588,0.20-0.40 Low
101243,0.353105,0.20-0.40 Low
100040,0.352951,0.20-0.40 Low
100971,0.352241,0.20-0.40 Low
100319,0.352094,0.20-0.40 Low
101165,0.350689,0.20-0.40 Low
101267,0.350645,0.20-0.40 Low
100969,0.350401,0.20-0.40 Low
100657,0.349497,0.20-0.40 Low
101450,0.348719,0.20-0.40 Low
101372,0.348248,0.20-0.40 Low
101151,0.34748,0.20-0.40 Low
101092,0.347258,0.20-0.40 Low
100526,0.346501,0.20-0.40 Low
100698,0.345573,0.20-0.40 Low
100507,0.34493,0.20-0.40 Low
100792,0.34471,0.20-0.40 Low
100470,0.344588,0.20-0.40 Low
100420,0.344209,0.20-0.40 Low
101348,0.342511,0.20-0.40 Low
101229,0.342329,0.20-0.40 Low
100620,0.341506,0.20-0.40 Low
100132,0.341166,0.20-0.40 Low
100865,0.340588,0.20-0.40 Low
100605,0.340012,0.20-0.40 Low
100107,0.339379,0.20-0.40 Low
100267,0.339295,0.20-0.40 Low
100048,0.338919,0.20-0.40 Low
100822,0.338559,0.20-0.40 Low
101314,0.338465,0.20-0.40 Low
100089,0.338395,0.20-0.40 Low
100077,0.337963,0.20-0.40 Low
100184,0.337345,0.20-0.40 Low
100878,0.337285,0.20-0.40 Low
100904,0.337232,0.20-0.40 Low
101018,0.336687,0.20-0.40 Low
101275,0.336605,0.20-0.40 Low
101407,0.336421,0.20-0.40 Low
100709,0.335935,0.20-0.40 Low
101390,0.335524,0.20-0.40 Low
101116,0.334847,0.20-0.40 Low
100142,0.334204,0.20-0.40 Low
100803,0.333057,0.20-0.40 Low
100962,0.332623,0.20-0.40 Low
100001,0.332037,0.20-0.40 Low
101489,0.331838,0.20-0.40 Low
100553,0.331596,0.20-0.40 Low
100056,0.330978,0.20-0.40 Low
100993,0.330347,0.20-0.40 Low
100326,0.329911,0.20-0.40 Low
100122,0.329896,0.20-0.40 Low
101403,0.329755,0.20-0.40 Low
100242,0.329324,0.20-0.40 Low
100637,0.328658,0.20-0.40 Low
100138,0.328584,0.20-0.40 Low
101009,0.328508,0.20-0.40 Low
100578,0.328402,0.20-0.40 Low
101201,0.328253,0.20-0.40 Low
101440,0.328001,0.20-0.40 Low
100103,0.327927,0.20-0.40 Low
100912,0.327654,0.20-0.40 Low
101262,0.327399,0.20-0.40 Low
100395,0.325929,0.20-0.40 Low
101032,0.325831,0.20-0.40 Low
101297,0.325559,0.20-0.40 Low
100689,0.324697,0.20-0.40 Low
100397,0.32463,0.20-0.40 Low
101418,0.324336,0.20-0.40 Low
100546,0.324142,0.20-0.40 Low
101015,0.323185,0.20-0.40 Low
100853,0.323043,0.20-0.40 Low
100294,0.322953,0.20-0.40 Low
101449,0.321827,0.20-0.40 Low
100266,0.32142,0.20-0.40 Low
100159,0.3209,0.20-0.40 Low
100390,0.319999,0.20-0.40 Low
100726,0.319464,0.20-0.40 Low
100861,0.319205,0.20-0.40 Low
100306,0.319153,0.20-0.40 Low
100588,0.31839,0.20-0.40 Low
100809,0.318155,0.20-0.40 Low
100366,0.317749,0.20-0.40 Low
100795,0.317727,0.20-0.40 Low
101075,0.317495,0.20-0.40 Low
101142,0.317459,0.20-0.40 Low
101448,0.317213,0.20-0.40 Low
100522,0.317,0.20-0.40 Low
100554,0.316867,0.20-0.40 Low
100124,0.316718,0.20-0.40 Low
100899,0.316288,0.20-0.40 Low
101298,0.316059,0.20-0.40 Low
100966,0.315738,0.20-0.40 Low
100920,0.315264,0.20-0.40 Low
100497,0.314967,0.20-0.40 Low
100400,0.314109,0.20-0.40 Low
100192,0.314009,0.20-0.40 Low
100805,0.313849,0.20-0.40 Low
100647,0.31304,0.20-0.40 Low
100731,0.312768,0.20-0.40 Low
101324,0.312685,0.20-0.40 Low
100010,0.31242,0.20-0.40 Low
101482,0.312093,0.20-0.40 Low
100568,0.311737,0.20-0.40 Low
101347,0.311587,0.20-0.40 Low
100383,0.311296,0.20-0.40 Low
100481,0.311101,0.20-0.40 Low
101040,0.310879,0.20-0.40 Low
101404,0.310429,0.20-0.40 Low
100270,0.309558,0.20-0.40 Low
101328,0.309312,0.20-0.40 Low
100007,0.30891,0.20-0.40 Low
101301,0.308783,0.20-0.40 Low
101479,0.308674,0.20-0.40 Low
101439,0.308548,0.20-0.40 Low
101386,0.307902,0.20-0.40 Low
100292,0.307887,0.20-0.40 Low
100955,0.306926,0.20-0.40 Low
101029,0.3069,0.20-0.40 Low
101086,0.306303,0.20-0.40 Low
101052,0.3063,0.20-0.40 Low
101368,0.306257,0.20-0.40 Low
100050,0.306139,0.20-0.40 Low
100886,0.306105,0.20-0.40 Low
100365,0.305185,0.20-0.40 Low
101008,0.304376,0.20-0.40 Low
100851,0.304264,0.20-0.40 Low
100849,0.303711,0.20-0.40 Low
101188,0.302727,0.20-0.40 Low
100213,0.302288,0.20-0.40 Low
100369,0.301928,0.20-0.40 Low
100880,0.301155,0.20-0.40 Low
101105,0.300906,0.20-0.40 Low
100417,0.300217,0.20-0.40 Low
100972,0.300206,0.20-0.40 Low
100168,0.299719,0.20-0.40 Low
101356,0.299648,0.20-0.40 Low
100916,0.298969,0.20-0.40 Low
100046,0.298747,0.20-0.40 Low
101095,0.298653,0.20-0.40 Low
100538,0.298404,0.20-0.40 Low
101217,0.297463,0.20-0.40 Low
100777,0.296982,0.20-0.40 Low
100708,0.296362,0.20-0.40 Low
100690,0.296326,0.20-0.40 Low
100448,0.296164,0.20-0.40 Low
100928,0.29575,0.20-0.40 Low
101026,0.295658,0.20-0.40 Low
100169,0.295651,0.20-0.40 Low
100235,0.295509,0.20-0.40 Low
101150,0.295282,0.20-0.40 Low
100986,0.295171,0.20-0.40 Low
100793,0.294566,0.20-0.40 Low
101499,0.293916,0.20-0.40 Low
101198,0.293155,0.20-0.40 Low
101071,0.293152,0.20-0.40 Low
100903,0.292653,0.20-0.40 Low
100164,0.292425,0.20-0.40 Low
101223,0.292377,0.20-0.40 Low
100957,0.292198,0.20-0.40 Low
101396,0.291505,0.20-0.40 Low
101228,0.291371,0.20-0.40 Low
101317,0.290795,0.20-0.40 Low
100146,0.290243,0.20-0.40 Low
100324,0.29016,0.20-0.40 Low
100885,0.289648,0.20-0.40 Low
100802,0.289312,0.20-0.40 Low
100574,0.289223,0.20-0.40 Low
100043,0.288696,0.20-0.40 Low
100482,0.288259,0.20-0.40 Low
100922,0.28821,0.20-0.40 Low
100268,0.287695,0.20-0.40 Low
100754,0.287643,0.20-0.40 Low
100310,0.28757,0.20-0.40 Low
101349,0.287071,0.20-0.40 Low
100550,0.286944,0.20-0.40 Low
100147,0.286865,0.20-0.40 Low
100468,0.286764,0.20-0.40 Low
101244,0.286716,0.20-0.40 Low
100434,0.286516,0.20-0.40 Low
100973,0.286406,0.20-0.40 Low
100106,0.285782,0.20-0.40 Low
100856,0.285705,0.20-0.40 Low
101091,0.284961,0.20-0.40 Low
101156,0.284506,0.20-0.40 Low
101204,0.284378,0.20-0.40 Low
100630,0.284024,0.20-0.40 Low
101146,0.282913,0.20-0.40 Low
100086,0.282838,0.20-0.40 Low
100789,0.282807,0.20-0.40 Low
100009,0.282396,0.20-0.40 Low
100381,0.281978,0.20-0.40 Low
100619,0.281959,0.20-0.40 Low
101277,0.281909,0.20-0.40 Low
101339,0.281421,0.20-0.40 Low
100979,0.281227,0.20-0.40 Low
101460,0.28103,0.20-0.40 Low
101129,0.280763,0.20-0.40 Low
101408,0.280584,0.20-0.40 Low
100349,0.280502,0.20-0.40 Low
101359,0.280488,0.20-0.40 Low
100455,0.279915,0.20-0.40 Low
100784,0.279884,0.20-0.40 Low
100127,0.279831,0.20-0.40 Low
101041,0.279385,0.20-0.40 Low
100977,0.279064,0.20-0.40 Low
100175,0.279012,0.20-0.40 Low
100166,0.277665,0.20-0.40 Low
101278,0.277358,0.20-0.40 Low
100653,0.277036,0.20-0.40 Low
100364,0.276772,0.20-0.40 Low
100189,0.276732,0.20-0.40 Low
101144,0.275503,0.20-0.40 Low
101280,0.275432,0.20-0.40 Low
100745,0.275431,0.20-0.40 Low
101160,0.27514,0.20-0.40 Low
100950,0.274967,0.20-0.40 Low
100013,0.274816,0.20-0.40 Low
101089,0.274666,0.20-0.40 Low
100490,0.274581,0.20-0.40 Low
100514,0.274293,0.20-0.40 Low
100431,0.27389,0.20-0.40 Low
101034,0.27384,0.20-0.40 Low
100738,0.273015,0.20-0.40 Low
100681,0.272808,0.20-0.40 Low
100813,0.272763,0.20-0.40 Low
100582,0.272402,0.20-0.40 Low
100632,0.272214,0.20-0.40 Low
100618,0.271794,0.20-0.40 Low
100624,0.271652,0.20-0.40 Low
100186,0.271073,0.20-0.40 Low
100133,0.270764,0.20-0.40 Low
100298,0.270588,0.20-0.40 Low
100575,0.270447,0.20-0.40 Low
100376,0.270269,0.20-0.40 Low
101103,0.270054,0.20-0.40 Low
100892,0.269549,0.20-0.40 Low
100061,0.269471,0.20-0.40 Low
100733,0.269446,0.20-0.40 Low
100527,0.268931,0.20-0.40 Low
100057,0.268572,0.20-0.40 Low
100051,0.268526,0.20-0.40 Low
100736,0.268401,0.20-0.40 Low
101152,0.268377,0.20-0.40 Low
100688,0.268349,0.20-0.40 Low
101024,0.267519,0.20-0.40 Low
101248,0.267129,0.20-0.40 Low
100610,0.266911,0.20-0.40 Low
100929,0.266639,0.20-0.40 Low
100092,0.26602,0.20-0.40 Low
100126,0.265695,0.20-0.40 Low
101076,0.265489,0.20-0.40 Low
100560,0.265376,0.20-0.40 Low
100746,0.265151,0.20-0.40 Low
101077,0.264975,0.20-0.40 Low
100479,0.264505,0.20-0.40 Low
101189,0.264388,0.20-0.40 Low
101363,0.263961,0.20-0.40 Low
100531,0.263951,0.20-0.40 Low
101358,0.263305,0.20-0.40 Low
100277,0.263082,0.20-0.40 Low
101226,0.262932,0.20-0.40 Low
100794,0.262708,0.20-0.40 Low
100446,0.262358,0.20-0.40 Low
100744,0.262282,0.20-0.40 Low
100670,0.262072,0.20-0.40 Low
100498,0.261797,0.20-0.40 Low
100765,0.261444,0.20-0.40 Low
100980,0.260965,0.20-0.40 Low
100262,0.260325,0.20-0.40 Low
101038,0.259995,0.20-0.40 Low
100131,0.259814,0.20-0.40 Low
101020,0.259783,0.20-0.40 Low
101068,0.259714,0.20-0.40 Low
101360,0.2587,0.20-0.40 Low
100715,0.258657,0.20-0.40 Low
100024,0.258262,0.20-0.40 Low
100692,0.257846,0.20-0.40 Low
101354,0.257699,0.20-0.40 Low
100644,0.257613,0.20-0.40 Low
100860,0.257424,0.20-0.40 Low
100233,0.257414,0.20-0.40 Low
100196,0.257267,0.20-0.40 Low
101106,0.257126,0.20-0.40 Low
101350,0.257031,0.20-0.40 Low
100866,0.256779,0.20-0.40 Low
101004,0.256408,0.20-0.40 Low
100683,0.256161,0.20-0.40 Low
100649,0.255105,0.20-0.40 Low
100251,0.254873,0.20-0.40 Low
101065,0.254556,0.20-0.40 Low
100863,0.254295,0.20-0.40 Low
101074,0.254294,0.20-0.40 Low
100569,0.254293,0.20-0.40 Low
100271,0.253982,0.20-0.40 Low
100293,0.253888,0.20-0.40 Low
101399,0.253778,0.20-0.40 Low
101130,0.25354,0.20-0.40 Low
100953,0.253333,0.20-0.40 Low
101383,0.253266,0.20-0.40 Low
100826,0.25325,0.20-0.40 Low
100143,0.253062,0.20-0.40 Low
101406,0.252893,0.20-0.40 Low
100255,0.252888,0.20-0.40 Low
100236,0.252647,0.20-0.40 Low
100079,0.252644,0.20-0.40 Low
100767,0.252561,0.20-0.40 Low
101017,0.252352,0.20-0.40 Low
100398,0.252259,0.20-0.40 Low
100557,0.252197,0.20-0.40 Low
100734,0.252134,0.20-0.40 Low
100237,0.251945,0.20-0.40 Low
100511,0.251539,0.20-0.40 Low
100676,0.250661,0.20-0.40 Low
101227,0.250466,0.20-0.40 Low
101282,0.250172,0.20-0.40 Low
101182,0.250163,0.20-0.40 Low
101033,0.249845,0.20-0.40 Low
100084,0.249301,0.20-0.40 Low
101377,0.249214,0.20-0.40 Low
100401,0.249139,0.20-0.40 Low
100594,0.248638,0.20-0.40 Low
100055,0.248364,0.20-0.40 Low
101063,0.248086,0.20-0.40 Low
101045,0.247982,0.20-0.40 Low
100025,0.247945,0.20-0.40 Low
100636,0.247816,0.20-0.40 Low
100796,0.247491,0.20-0.40 Low
100302,0.247378,0.20-0.40 Low
100766,0.247277,0.20-0.40 Low
101416,0.24689,0.20-0.40 Low
101126,0.246605,0.20-0.40 Low
101398,0.246569,0.20-0.40 Low
100347,0.246463,0.20-0.40 Low
101428,0.246359,0.20-0.40 Low
100487,0.245979,0.20-0.40 Low
100705,0.24554,0.20-0.40 Low
101306,0.24521,0.20-0.40 Low
100380,0.245173,0.20-0.40 Low
100053,0.245059,0.20-0.40 Low
101177,0.24438,0.20-0.40 Low
100925,0.24388,0.20-0.40 Low
101203,0.24385,0.20-0.40 Low
100041,0.243838,0.20-0.40 Low
100157,0.243418,0.20-0.40 Low
101215,0.243367,0.20-0.40 Low
100547,0.2431,0.20-0.40 Low
101238,0.242885,0.20-0.40 Low
100035,0.242743,0.20-0.40 Low
100671,0.242624,0.20-0.40 Low
100673,0.242555,0.20-0.40 Low
100994,0.242163,0.20-0.40 Low
100467,0.24198,0.20-0.40 Low
101066,0.241903,0.20-0.40 Low
100778,0.241542,0.20-0.40 Low
100873,0.241459,0.20-0.40 Low
100317,0.240974,0.20-0.40 Low
100930,0.24091,0.20-0.40 Low
100203,0.240335,0.20-0.40 Low
100204,0.240172,0.20-0.40 Low
101495,0.240075,0.20-0.40 Low
100871,0.239742,0.20-0.40 Low
100472,0.239391,0.20-0.40 Low
100407,0.239008,0.20-0.40 Low
101170,0.238803,0.20-0.40 Low
101466,0.238788,0.20-0.40 Low
101263,0.237489,0.20-0.40 Low
101388,0.237413,0.20-0.40 Low
101493,0.237281,0.20-0.40 Low
100959,0.23705,0.20-0.40 Low
100783,0.237008,0.20-0.40 Low
101157,0.236857,0.20-0.40 Low
100551,0.236733,0.20-0.40 Low
101270,0.236553,0.20-0.40 Low
100981,0.236203,0.20-0.40 Low
100536,0.236057,0.20-0.40 Low
100419,0.235301,0.20-0.40 Low
101056,0.235217,0.20-0.40 Low
101246,0.234236,0.20-0.40 Low
101111,0.234168,0.20-0.40 Low
101230,0.234156,0.20-0.40 Low
100105,0.234109,0.20-0.40 Low
101250,0.23383,0.20-0.40 Low
100090,0.233765,0.20-0.40 Low
101336,0.233548,0.20-0.40 Low
100118,0.233418,0.20-0.40 Low
100125,0.233285,0.20-0.40 Low
100463,0.233259,0.20-0.40 Low
101072,0.232976,0.20-0.40 Low
100026,0.232937,0.20-0.40 Low
100374,0.232905,0.20-0.40 Low
101202,0.23273,0.20-0.40 Low
100361,0.232633,0.20-0.40 Low
100743,0.23241,0.20-0.40 Low
100274,0.232129,0.20-0.40 Low
101179,0.231887,0.20-0.40 Low
100763,0.231863,0.20-0.40 Low
101461,0.231245,0.20-0.40 Low
100996,0.231184,0.20-0.40 Low
100806,0.230862,0.20-0.40 Low
100355,0.230787,0.20-0.40 Low
101094,0.230558,0.20-0.40 Low
100900,0.230483,0.20-0.40 Low
100543,0.230422,0.20-0.40 Low
101296,0.230391,0.20-0.40 Low
100003,0.230371,0.20-0.40 Low
100391,0.229882,0.20-0.40 Low
100952,0.229593,0.20-0.40 Low
101415,0.228732,0.20-0.40 Low
100394,0.228377,0.20-0.40 Low
101394,0.228328,0.20-0.40 Low
100095,0.228122,0.20-0.40 Low
100741,0.227649,0.20-0.40 Low
101266,0.227606,0.20-0.40 Low
101218,0.227471,0.20-0.40 Low
100833,0.227073,0.20-0.40 Low
101003,0.22669,0.20-0.40 Low
100185,0.226107,0.20-0.40 Low
100173,0.2259,0.20-0.40 Low
100961,0.225631,0.20-0.40 Low
101139,0.225212,0.20-0.40 Low
100312,0.225161,0.20-0.40 Low
100183,0.224924,0.20-0.40 Low
100350,0.224378,0.20-0.40 Low
100859,0.223785,0.20-0.40 Low
101181,0.223694,0.20-0.40 Low
100499,0.223679,0.20-0.40 Low
100269,0.223501,0.20-0.40 Low
100074,0.222125,0.20-0.40 Low
100392,0.222084,0.20-0.40 Low
100063,0.222077,0.20-0.40 Low
101114,0.221852,0.20-0.40 Low
101184,0.221739,0.20-0.40 Low
100938,0.221713,0.20-0.40 Low
100525,0.221271,0.20-0.40 Low
100163,0.220836,0.20-0.40 Low
100425,0.220723,0.20-0.40 Low
101143,0.220698,0.20-0.40 Low
100838,0.220621,0.20-0.40 Low
100062,0.220251,0.20-0.40 Low
100111,0.219948,0.20-0.40 Low
101109,0.219567,0.20-0.40 Low
101431,0.219515,0.20-0.40 Low
100760,0.219503,0.20-0.40 Low
101180,0.219014,0.20-0.40 Low
100373,0.218942,0.20-0.40 Low
100937,0.218416,0.20-0.40 Low
100418,0.217864,0.20-0.40 Low
100967,0.217354,0.20-0.40 Low
101300,0.217224,0.20-0.40 Low
101286,0.217048,0.20-0.40 Low
100022,0.21674,0.20-0.40 Low
101112,0.21672,0.20-0.40 Low
101158,0.216655,0.20-0.40 Low
100642,0.216563,0.20-0.40 Low
100791,0.216419,0.20-0.40 Low
100539,0.215779,0.20-0.40 Low
101409,0.215696,0.20-0.40 Low
100339,0.215575,0.20-0.40 Low
100433,0.215521,0.20-0.40 Low
101208,0.215384,0.20-0.40 Low
100181,0.21504,0.20-0.40 Low
100171,0.21452,0.20-0.40 Low
101022,0.214491,0.20-0.40 Low
101463,0.214448,0.20-0.40 Low
100429,0.214214,0.20-0.40 Low
100044,0.21412,0.20-0.40 Low
101477,0.214084,0.20-0.40 Low
100667,0.213964,0.20-0.40 Low
100066,0.213778,0.20-0.40 Low
101131,0.213658,0.20-0.40 Low
101123,0.213446,0.20-0.40 Low
100341,0.21333,0.20-0.40 Low
100437,0.213082,0.20-0.40 Low
100488,0.212823,0.20-0.40 Low
100931,0.212796,0.20-0.40 Low
101329,0.212791,0.20-0.40 Low
100403,0.212728,0.20-0.40 Low
100914,0.212344,0.20-0.40 Low
101200,0.212312,0.20-0.40 Low
100752,0.212262,0.20-0.40 Low
101362,0.212071,0.20-0.40 Low
101315,0.211821,0.20-0.40 Low
100230,0.211704,0.20-0.40 Low
100600,0.21161,0.20-0.40 Low
100566,0.211561,0.20-0.40 Low
100800,0.210762,0.20-0.40 Low
100239,0.210695,0.20-0.40 Low
100534,0.210673,0.20-0.40 Low
100094,0.210618,0.20-0.40 Low
100228,0.210446,0.20-0.40 Low
101154,0.210285,0.20-0.40 Low
100343,0.20995,0.20-0.40 Low
100801,0.209912,0.20-0.40 Low
101256,0.209904,0.20-0.40 Low
100198,0.209748,0.20-0.40 Low
100229,0.209492,0.20-0.40 Low
100112,0.209227,0.20-0.40 Low
101087,0.208983,0.20-0.40 Low
100272,0.20827,0.20-0.40 Low
100583,0.20826,0.20-0.40 Low
101459,0.208125,0.20-0.40 Low
100257,0.207794,0.20-0.40 Low
100451,0.207757,0.20-0.40 Low
100580,0.207343,0.20-0.40 Low
100494,0.207328,0.20-0.40 Low
100598,0.207299,0.20-0.40 Low
100005,0.206937,0.20-0.40 Low
100342,0.206918,0.20-0.40 Low
100513,0.206673,0.20-0.40 Low
101453,0.206425,0.20-0.40 Low
101384,0.206344,0.20-0.40 Low
101303,0.20632,0.20-0.40 Low
100935,0.205993,0.20-0.40 Low
100542,0.205888,0.20-0.40 Low
100998,0.20579,0.20-0.40 Low
100276,0.205558,0.20-0.40 Low
101138,0.204916,0.20-0.40 Low
100141,0.204307,0.20-0.40 Low
100558,0.204013,0.20-0.40 Low
100098,0.203813,0.20-0.40 Low
100672,0.203629,0.20-0.40 Low
100989,0.203411,0.20-0.40 Low
100072,0.203281,0.20-0.40 Low
100240,0.203261,0.20-0.40 Low
101082,0.203124,0.20-0.40 Low
100564,0.203043,0.20-0.40 Low
100367,0.202594,0.20-0.40 Low
101107,0.202503,0.20-0.40 Low
101166,0.202401,0.20-0.40 Low
101190,0.202282,0.20-0.40 Low
100301,0.200773,0.20-0.40 Low
100587,0.200759,0.20-0.40 Low
100227,0.200095,0.20-0.40 Low
100541,0.200053,0.20-0.40 Low
100817,0.199989,0.00-0.20 Very Low
100548,0.19976,0.00-0.20 Very Low
101132,0.199604,0.00-0.20 Very Low
100524,0.199527,0.00-0.20 Very Low
101344,0.19917,0.00-0.20 Very Low
101405,0.199046,0.00-0.20 Very Low
100581,0.198977,0.00-0.20 Very Low
101490,0.198801,0.00-0.20 Very Low
100360,0.198733,0.00-0.20 Very Low
100788,0.198294,0.00-0.20 Very Low
101327,0.198258,0.00-0.20 Very Low
100948,0.197836,0.00-0.20 Very Low
101064,0.197803,0.00-0.20 Very Low
101159,0.19768,0.00-0.20 Very Low
100252,0.197616,0.00-0.20 Very Low
100352,0.197589,0.00-0.20 Very Low
101351,0.197585,0.00-0.20 Very Low
100480,0.197552,0.00-0.20 Very Low
101475,0.197538,0.00-0.20 Very Low
101164,0.197278,0.00-0.20 Very Low
100831,0.196673,0.00-0.20 Very Low
100739,0.196498,0.00-0.20 Very Low
100199,0.19643,0.00-0.20 Very Low
100976,0.195568,0.00-0.20 Very Low
101237,0.195414,0.00-0.20 Very Low
100354,0.195358,0.00-0.20 Very Low
100517,0.194754,0.00-0.20 Very Low
100923,0.194296,0.00-0.20 Very Low
100774,0.194117,0.00-0.20 Very Low
100567,0.194082,0.00-0.20 Very Low
100612,0.193994,0.00-0.20 Very Low
100215,0.193926,0.00-0.20 Very Low
100117,0.193783,0.00-0.20 Very Low
100030,0.193515,0.00-0.20 Very Low
100787,0.193322,0.00-0.20 Very Low
100694,0.193302,0.00-0.20 Very Low
101491,0.193266,0.00-0.20 Very Low
100348,0.193021,0.00-0.20 Very Low
100389,0.192671,0.00-0.20 Very Low
100764,0.192556,0.00-0.20 Very Low
100346,0.192546,0.00-0.20 Very Low
100282,0.192463,0.00-0.20 Very Low
100337,0.192353,0.00-0.20 Very Low
101294,0.192317,0.00-0.20 Very Low
100128,0.192224,0.00-0.20 Very Low
100412,0.191931,0.00-0.20 Very Low
100452,0.191788,0.00-0.20 Very Low
100798,0.191662,0.00-0.20 Very Low
100723,0.191521,0.00-0.20 Very Low
101042,0.191436,0.00-0.20 Very Low
100021,0.191341,0.00-0.20 Very Low
101304,0.191272,0.00-0.20 Very Low
101137,0.19115,0.00-0.20 Very Low
101411,0.191136,0.00-0.20 Very Low
100313,0.190794,0.00-0.20 Very Low
100004,0.190774,0.00-0.20 Very Low
100238,0.190692,0.00-0.20 Very Low
100848,0.190587,0.00-0.20 Very Low
101212,0.190537,0.00-0.20 Very Low
100353,0.190455,0.00-0.20 Very Low
101115,0.190442,0.00-0.20 Very Low
100775,0.190382,0.00-0.20 Very Low
101419,0.190325,0.00-0.20 Very Low
101037,0.190098,0.00-0.20 Very Low
100340,0.189955,0.00-0.20 Very Low
100006,0.18968,0.00-0.20 Very Low
101378,0.189619,0.00-0.20 Very Low
100421,0.189536,0.00-0.20 Very Low
100684,0.189435,0.00-0.20 Very Low
100664,0.1892,0.00-0.20 Very Low
100225,0.189185,0.00-0.20 Very Low
101467,0.189034,0.00-0.20 Very Low
100510,0.188999,0.00-0.20 Very Low
100064,0.188972,0.00-0.20 Very Low
101001,0.188785,0.00-0.20 Very Low
100776,0.188773,0.00-0.20 Very Low
100945,0.188692,0.00-0.20 Very Low
101175,0.188286,0.00-0.20 Very Low
100320,0.188108,0.00-0.20 Very Low
100858,0.187864,0.00-0.20 Very Low
100136,0.187849,0.00-0.20 Very Low
101214,0.187839,0.00-0.20 Very Low
100850,0.187586,0.00-0.20 Very Low
100049,0.187434,0.00-0.20 Very Low
100039,0.187296,0.00-0.20 Very Low
101090,0.187265,0.00-0.20 Very Low
101119,0.187144,0.00-0.20 Very Low
101468,0.186583,0.00-0.20 Very Low
100200,0.186567,0.00-0.20 Very Low
100545,0.186461,0.00-0.20 Very Low
101451,0.186065,0.00-0.20 Very Low
101058,0.185853,0.00-0.20 Very Low
100722,0.185841,0.00-0.20 Very Low
100387,0.18583,0.00-0.20 Very Low
100613,0.185649,0.00-0.20 Very Low
101224,0.185583,0.00-0.20 Very Low
101402,0.185262,0.00-0.20 Very Low
100828,0.185159,0.00-0.20 Very Low
100837,0.185008,0.00-0.20 Very Low
100254,0.184523,0.00-0.20 Very Low
100032,0.184277,0.00-0.20 Very Low
100660,0.183956,0.00-0.20 Very Low
100378,0.183721,0.00-0.20 Very Low
100985,0.183489,0.00-0.20 Very Low
100226,0.183413,0.00-0.20 Very Low
100515,0.183188,0.00-0.20 Very Low
101136,0.183045,0.00-0.20 Very Low
100703,0.182551,0.00-0.20 Very Low
100819,0.182544,0.00-0.20 Very Low
100299,0.182299,0.00-0.20 Very Low
100597,0.18224,0.00-0.20 Very Low
100894,0.18207,0.00-0.20 Very Low
101000,0.182015,0.00-0.20 Very Low
100258,0.18163,0.00-0.20 Very Low
101483,0.181567,0.00-0.20 Very Low
101290,0.181525,0.00-0.20 Very Low
101272,0.181102,0.00-0.20 Very Low
100245,0.18097,0.00-0.20 Very Low
100991,0.180904,0.00-0.20 Very Low
100038,0.180892,0.00-0.20 Very Low
100034,0.180855,0.00-0.20 Very Low
100486,0.180732,0.00-0.20 Very Low
100621,0.180649,0.00-0.20 Very Low
101253,0.180529,0.00-0.20 Very Low
101205,0.180434,0.00-0.20 Very Low
100941,0.180254,0.00-0.20 Very Low
100910,0.179903,0.00-0.20 Very Low
100901,0.179817,0.00-0.20 Very Low
100960,0.179641,0.00-0.20 Very Low
100820,0.179638,0.00-0.20 Very Low
101081,0.179616,0.00-0.20 Very Low
100345,0.179512,0.00-0.20 Very Low
100596,0.179259,0.00-0.20 Very Low
101005,0.178783,0.00-0.20 Very Low
100530,0.178424,0.00-0.20 Very Low
101023,0.17837,0.00-0.20 Very Low
101113,0.178162,0.00-0.20 Very Low
100259,0.177847,0.00-0.20 Very Low
101447,0.177518,0.00-0.20 Very Low
101264,0.17727,0.00-0.20 Very Low
101391,0.176687,0.00-0.20 Very Low
100693,0.176512,0.00-0.20 Very Low
101335,0.176219,0.00-0.20 Very Low
100729,0.176169,0.00-0.20 Very Low
101169,0.176051,0.00-0.20 Very Low
100790,0.175728,0.00-0.20 Very Low
100422,0.175576,0.00-0.20 Very Low
101050,0.175421,0.00-0.20 Very Low
101473,0.175355,0.00-0.20 Very Low
100469,0.175241,0.00-0.20 Very Low
100440,0.174996,0.00-0.20 Very Low
100485,0.174429,0.00-0.20 Very Low
101100,0.174381,0.00-0.20 Very Low
100821,0.174259,0.00-0.20 Very Low
100773,0.174168,0.00-0.20 Very Low
100165,0.173889,0.00-0.20 Very Low
100502,0.173865,0.00-0.20 Very Low
101309,0.173787,0.00-0.20 Very Low
101098,0.173477,0.00-0.20 Very Low
100835,0.173139,0.00-0.20 Very Low
100036,0.172775,0.00-0.20 Very Low
100211,0.172558,0.00-0.20 Very Low
100599,0.172051,0.00-0.20 Very Low
100151,0.171943,0.00-0.20 Very Low
100876,0.171674,0.00-0.20 Very Low
100919,0.171546,0.00-0.20 Very Low
101260,0.171469,0.00-0.20 Very Low
100177,0.171469,0.00-0.20 Very Low
101410,0.171319,0.00-0.20 Very Low
101323,0.171245,0.00-0.20 Very Low
101330,0.171152,0.00-0.20 Very Low
100749,0.170838,0.00-0.20 Very Low
101364,0.170308,0.00-0.20 Very Low
100911,0.170279,0.00-0.20 Very Low
101414,0.170096,0.00-0.20 Very Low
100529,0.170058,0.00-0.20 Very Low
101284,0.169674,0.00-0.20 Very Low
101173,0.169467,0.00-0.20 Very Low
101357,0.169223,0.00-0.20 Very Low
100029,0.168903,0.00-0.20 Very Low
100897,0.168864,0.00-0.20 Very Low
100727,0.16881,0.00-0.20 Very Low
100913,0.168619,0.00-0.20 Very Low
100458,0.168562,0.00-0.20 Very Low
100590,0.168557,0.00-0.20 Very Low
100735,0.168507,0.00-0.20 Very Low
101030,0.168485,0.00-0.20 Very Low
100241,0.168444,0.00-0.20 Very Low
100362,0.168332,0.00-0.20 Very Low
100209,0.168224,0.00-0.20 Very Low
100720,0.168028,0.00-0.20 Very Low
101412,0.167808,0.00-0.20 Very Low
100834,0.167516,0.00-0.20 Very Low
100018,0.167283,0.00-0.20 Very Low
100753,0.167211,0.00-0.20 Very Low
100699,0.167019,0.00-0.20 Very Low
100674,0.16683,0.00-0.20 Very Low
100170,0.166775,0.00-0.20 Very Low
101093,0.166421,0.00-0.20 Very Low
100685,0.166141,0.00-0.20 Very Low
100625,0.166091,0.00-0.20 Very Low
100149,0.166084,0.00-0.20 Very Low
100260,0.166057,0.00-0.20 Very Low
100379,0.166029,0.00-0.20 Very Low
100509,0.165811,0.00-0.20 Very Low
100120,0.165468,0.00-0.20 Very Low
100700,0.165342,0.00-0.20 Very Low
101392,0.16518,0.00-0.20 Very Low
100818,0.165168,0.00-0.20 Very Low
100518,0.165105,0.00-0.20 Very Low
100701,0.164988,0.00-0.20 Very Low
100855,0.164712,0.00-0.20 Very Low
100682,0.164665,0.00-0.20 Very Low
100716,0.164645,0.00-0.20 Very Low
100984,0.164606,0.00-0.20 Very Low
100322,0.164504,0.00-0.20 Very Low
100195,0.164383,0.00-0.20 Very Low
100012,0.164192,0.00-0.20 Very Low
101027,0.163997,0.00-0.20 Very Low
101186,0.163769,0.00-0.20 Very Low
100408,0.163631,0.00-0.20 Very Low
101338,0.16346,0.00-0.20 Very Low
101206,0.163042,0.00-0.20 Very Low
101464,0.162761,0.00-0.20 Very Low
100281,0.162688,0.00-0.20 Very Low
100219,0.162376,0.00-0.20 Very Low
100844,0.162321,0.00-0.20 Very Low
100528,0.162211,0.00-0.20 Very Low
101291,0.162096,0.00-0.20 Very Low
100474,0.161833,0.00-0.20 Very Low
100862,0.161432,0.00-0.20 Very Low
100909,0.161188,0.00-0.20 Very Low
101021,0.16056,0.00-0.20 Very Low
101436,0.160387,0.00-0.20 Very Low
101234,0.160305,0.00-0.20 Very Low
101122,0.160239,0.00-0.20 Very Low
100908,0.160232,0.00-0.20 Very Low
100223,0.160169,0.00-0.20 Very Low
101054,0.160002,0.00-0.20 Very Low
100336,0.159858,0.00-0.20 Very Low
100068,0.159763,0.00-0.20 Very Low
100447,0.159623,0.00-0.20 Very Low
101488,0.159595,0.00-0.20 Very Low
100829,0.159394,0.00-0.20 Very Low
101127,0.15919,0.00-0.20 Very Low
101219,0.159137,0.00-0.20 Very Low
100503,0.15902,0.00-0.20 Very Low
101385,0.15874,0.00-0.20 Very Low
100243,0.158457,0.00-0.20 Very Low
101465,0.158443,0.00-0.20 Very Low
100639,0.158361,0.00-0.20 Very Low
101141,0.15822,0.00-0.20 Very Low
100296,0.158088,0.00-0.20 Very Low
101480,0.157942,0.00-0.20 Very Low
101060,0.157801,0.00-0.20 Very Low
101247,0.157705,0.00-0.20 Very Low
101035,0.157486,0.00-0.20 Very Low
101395,0.157399,0.00-0.20 Very Low
101492,0.157371,0.00-0.20 Very Low
100750,0.157288,0.00-0.20 Very Low
100081,0.157221,0.00-0.20 Very Low
100108,0.157106,0.00-0.20 Very Low
100154,0.156839,0.00-0.20 Very Low
100870,0.156466,0.00-0.20 Very Low
100190,0.156433,0.00-0.20 Very Low
100327,0.156282,0.00-0.20 Very Low
100096,0.15609,0.00-0.20 Very Low
100002,0.156077,0.00-0.20 Very Low
100990,0.155754,0.00-0.20 Very Low
100210,0.155566,0.00-0.20 Very Low
101084,0.155557,0.00-0.20 Very Low
100286,0.155142,0.00-0.20 Very Low
100652,0.155018,0.00-0.20 Very Low
100999,0.15452,0.00-0.20 Very Low
100852,0.154512,0.00-0.20 Very Low
101048,0.154291,0.00-0.20 Very Low
100586,0.15424,0.00-0.20 Very Low
100471,0.154138,0.00-0.20 Very Low
101381,0.153953,0.00-0.20 Very Low
101176,0.153709,0.00-0.20 Very Low
100102,0.153329,0.00-0.20 Very Low
101118,0.153247,0.00-0.20 Very Low
100512,0.153175,0.00-0.20 Very Low
101259,0.15284,0.00-0.20 Very Low
101012,0.152731,0.00-0.20 Very Low
100385,0.152682,0.00-0.20 Very Low
100473,0.152505,0.00-0.20 Very Low
100287,0.152227,0.00-0.20 Very Low
100334,0.152179,0.00-0.20 Very Low
100695,0.151989,0.00-0.20 Very Low
100748,0.151844,0.00-0.20 Very Low
100432,0.151683,0.00-0.20 Very Low
101274,0.151545,0.00-0.20 Very Low
100438,0.151346,0.00-0.20 Very Low
100100,0.151298,0.00-0.20 Very Low
100208,0.151217,0.00-0.20 Very Low
100629,0.151023,0.00-0.20 Very Low
100435,0.150793,0.00-0.20 Very Low
101269,0.150789,0.00-0.20 Very Low
100321,0.15067,0.00-0.20 Very Low
100504,0.150501,0.00-0.20 Very Low
100614,0.150207,0.00-0.20 Very Low
100265,0.149504,0.00-0.20 Very Low
100857,0.149221,0.00-0.20 Very Low
101302,0.149134,0.00-0.20 Very Low
100019,0.148843,0.00-0.20 Very Low
101225,0.148732,0.00-0.20 Very Low
101288,0.148615,0.00-0.20 Very Low
100087,0.148489,0.00-0.20 Very Low
100983,0.148478,0.00-0.20 Very Low
100426,0.14838,0.00-0.20 Very Low
100864,0.148178,0.00-0.20 Very Low
100148,0.148079,0.00-0.20 Very Low
101427,0.14798,0.00-0.20 Very Low
100059,0.147881,0.00-0.20 Very Low
100654,0.147837,0.00-0.20 Very Low
100846,0.147804,0.00-0.20 Very Low
100462,0.147732,0.00-0.20 Very Low
101078,0.147721,0.00-0.20 Very Low
101441,0.147721,0.00-0.20 Very Low
100311,0.147672,0.00-0.20 Very Low
100194,0.147391,0.00-0.20 Very Low
100309,0.14735,0.00-0.20 Very Low
100323,0.147111,0.00-0.20 Very Low
100304,0.146427,0.00-0.20 Very Low
101333,0.146087,0.00-0.20 Very Low
100370,0.145714,0.00-0.20 Very Low
100601,0.145559,0.00-0.20 Very Low
100661,0.145554,0.00-0.20 Very Low
100187,0.145437,0.00-0.20 Very Low
100217,0.145421,0.00-0.20 Very Low
101069,0.145372,0.00-0.20 Very Low
100572,0.145299,0.00-0.20 Very Low
100205,0.14528,0.00-0.20 Very Low
100220,0.145092,0.00-0.20 Very Low
100725,0.144998,0.00-0.20 Very Low
100724,0.144924,0.00-0.20 Very Low
101242,0.144822,0.00-0.20 Very Low
101308,0.144817,0.00-0.20 Very Low
101311,0.144794,0.00-0.20 Very Low
100150,0.144484,0.00-0.20 Very Low
101425,0.144292,0.00-0.20 Very Low
101101,0.144104,0.00-0.20 Very Low
100020,0.143986,0.00-0.20 Very Low
100316,0.143869,0.00-0.20 Very Low
100756,0.143782,0.00-0.20 Very Low
100054,0.143319,0.00-0.20 Very Low
101432,0.14318,0.00-0.20 Very Low
100939,0.14276,0.00-0.20 Very Low
100648,0.142628,0.00-0.20 Very Low
100411,0.142285,0.00-0.20 Very Low
100958,0.142218,0.00-0.20 Very Low
100137,0.141975,0.00-0.20 Very Low
100905,0.141912,0.00-0.20 Very Low
100591,0.141894,0.00-0.20 Very Low
101369,0.141717,0.00-0.20 Very Low
101199,0.1416,0.00-0.20 Very Low
100669,0.141117,0.00-0.20 Very Low
101025,0.14106,0.00-0.20 Very Low
100461,0.140805,0.00-0.20 Very Low
100782,0.140525,0.00-0.20 Very Low
100706,0.140247,0.00-0.20 Very Low
101062,0.14024,0.00-0.20 Very Low
101486,0.14001,0.00-0.20 Very Low
101192,0.14,0.00-0.20 Very Low
101117,0.139898,0.00-0.20 Very Low
101210,0.139756,0.00-0.20 Very Low
100807,0.139607,0.00-0.20 Very Low
101153,0.139222,0.00-0.20 Very Low
101252,0.13889,0.00-0.20 Very Low
100785,0.138784,0.00-0.20 Very Low
100646,0.138633,0.00-0.20 Very Low
100288,0.138452,0.00-0.20 Very Low
100328,0.13822,0.00-0.20 Very Low
100202,0.138194,0.00-0.20 Very Low
101149,0.137958,0.00-0.20 Very Low
100521,0.137957,0.00-0.20 Very Low
100423,0.137925,0.00-0.20 Very Low
100883,0.137876,0.00-0.20 Very Low
100804,0.13787,0.00-0.20 Very Low
100280,0.13786,0.00-0.20 Very Low
100016,0.137704,0.00-0.20 Very Low
101424,0.1377,0.00-0.20 Very Low
101010,0.137521,0.00-0.20 Very Low
100697,0.137402,0.00-0.20 Very Low
101265,0.137119,0.00-0.20 Very Low
100884,0.137052,0.00-0.20 Very Low
100042,0.136979,0.00-0.20 Very Low
100078,0.136967,0.00-0.20 Very Low
100402,0.136948,0.00-0.20 Very Low
101007,0.136861,0.00-0.20 Very Low
101332,0.136832,0.00-0.20 Very Low
100906,0.136646,0.00-0.20 Very Low
101172,0.13637,0.00-0.20 Very Low
100869,0.136345,0.00-0.20 Very Low
101239,0.136122,0.00-0.20 Very Low
101185,0.135864,0.00-0.20 Very Low
101462,0.135825,0.00-0.20 Very Low
101471,0.135418,0.00-0.20 Very Low
100571,0.135382,0.00-0.20 Very Low
100246,0.1349,0.00-0.20 Very Low
101443,0.134815,0.00-0.20 Very Low
101222,0.134549,0.00-0.20 Very Low
100496,0.134496,0.00-0.20 Very Low
100144,0.134435,0.00-0.20 Very Low
100427,0.134267,0.00-0.20 Very Low
100331,0.134257,0.00-0.20 Very Low
100872,0.133952,0.00-0.20 Very Low
100592,0.133805,0.00-0.20 Very Low
100027,0.133499,0.00-0.20 Very Low
101128,0.133309,0.00-0.20 Very Low
100656,0.133216,0.00-0.20 Very Low
100532,0.132988,0.00-0.20 Very Low
100917,0.132931,0.00-0.20 Very Low
100450,0.132915,0.00-0.20 Very Low
101476,0.132743,0.00-0.20 Very Low
100579,0.132537,0.00-0.20 Very Low
100179,0.132418,0.00-0.20 Very Low
101446,0.132269,0.00-0.20 Very Low
101213,0.131971,0.00-0.20 Very Low
100830,0.13186,0.00-0.20 Very Low
100454,0.131499,0.00-0.20 Very Low
100500,0.131025,0.00-0.20 Very Low
101271,0.131002,0.00-0.20 Very Low
100562,0.130896,0.00-0.20 Very Low
100439,0.130818,0.00-0.20 Very Low
100172,0.130786,0.00-0.20 Very Low
100559,0.129795,0.00-0.20 Very Low
101345,0.129668,0.00-0.20 Very Low
100247,0.129174,0.00-0.20 Very Low
100658,0.129123,0.00-0.20 Very Low
101401,0.128986,0.00-0.20 Very Low
100478,0.128164,0.00-0.20 Very Low
101108,0.127924,0.00-0.20 Very Low
100305,0.127723,0.00-0.20 Very Low
101104,0.12765,0.00-0.20 Very Low
100926,0.127629,0.00-0.20 Very Low
100924,0.127353,0.00-0.20 Very Low
100300,0.12693,0.00-0.20 Very Low
101258,0.126898,0.00-0.20 Very Low
100443,0.126685,0.00-0.20 Very Low
100314,0.126405,0.00-0.20 Very Low
101211,0.126291,0.00-0.20 Very Low
100836,0.125947,0.00-0.20 Very Low
100645,0.125919,0.00-0.20 Very Low
100121,0.125803,0.00-0.20 Very Low
100139,0.125716,0.00-0.20 Very Low
101059,0.12556,0.00-0.20 Very Low
101097,0.125529,0.00-0.20 Very Low
100453,0.125384,0.00-0.20 Very Low
100573,0.125332,0.00-0.20 Very Low
101044,0.125096,0.00-0.20 Very Low
100097,0.124898,0.00-0.20 Very Low
100589,0.124873,0.00-0.20 Very Low
100927,0.124831,0.00-0.20 Very Low
101285,0.124814,0.00-0.20 Very Low
100576,0.124645,0.00-0.20 Very Low
101257,0.124599,0.00-0.20 Very Low
101178,0.124588,0.00-0.20 Very Low
100585,0.124457,0.00-0.20 Very Low
100221,0.124442,0.00-0.20 Very Low
100075,0.124355,0.00-0.20 Very Low
100879,0.124302,0.00-0.20 Very Low
100651,0.124085,0.00-0.20 Very Low
101456,0.123898,0.00-0.20 Very Low
100082,0.123608,0.00-0.20 Very Low
100273,0.123543,0.00-0.20 Very Low
100023,0.123526,0.00-0.20 Very Low
101055,0.123434,0.00-0.20 Very Low
100974,0.12322,0.00-0.20 Very Low
100176,0.123216,0.00-0.20 Very Low
100091,0.123196,0.00-0.20 Very Low
100307,0.122981,0.00-0.20 Very Low
100874,0.12286,0.00-0.20 Very Low
100544,0.122843,0.00-0.20 Very Low
101292,0.122823,0.00-0.20 Very Low
100060,0.122739,0.00-0.20 Very Low
100932,0.122245,0.00-0.20 Very Low
100110,0.122205,0.00-0.20 Very Low
100841,0.122195,0.00-0.20 Very Low
101337,0.121772,0.00-0.20 Very Low
101455,0.121627,0.00-0.20 Very Low
100116,0.121554,0.00-0.20 Very Low
100315,0.121081,0.00-0.20 Very Low
100058,0.120612,0.00-0.20 Very Low
100253,0.120552,0.00-0.20 Very Low
101397,0.120286,0.00-0.20 Very Low
101474,0.120181,0.00-0.20 Very Low
101049,0.120132,0.00-0.20 Very Low
100456,0.120069,0.00-0.20 Very Low
100881,0.120016,0.00-0.20 Very Low
100949,0.119999,0.00-0.20 Very Low
100951,0.11943,0.00-0.20 Very Low
101067,0.119218,0.00-0.20 Very Low
100740,0.119202,0.00-0.20 Very Low
100997,0.118943,0.00-0.20 Very Low
100840,0.11889,0.00-0.20 Very Low
100943,0.118855,0.00-0.20 Very Low
101031,0.118605,0.00-0.20 Very Low
101413,0.118454,0.00-0.20 Very Low
100489,0.118308,0.00-0.20 Very Low
101268,0.117818,0.00-0.20 Very Low
101163,0.11763,0.00-0.20 Very Low
100109,0.117574,0.00-0.20 Very Low
100761,0.117558,0.00-0.20 Very Low
100008,0.117148,0.00-0.20 Very Low
101342,0.117147,0.00-0.20 Very Low
100710,0.116859,0.00-0.20 Very Low
100607,0.116798,0.00-0.20 Very Low
101387,0.116151,0.00-0.20 Very Low
101273,0.115977,0.00-0.20 Very Low
100501,0.11551,0.00-0.20 Very Low
100889,0.115378,0.00-0.20 Very Low
101438,0.11523,0.00-0.20 Very Low
101365,0.115184,0.00-0.20 Very Low
100995,0.1151,0.00-0.20 Very Low
100759,0.114861,0.00-0.20 Very Low
101289,0.114743,0.00-0.20 Very Low
100424,0.114618,0.00-0.20 Very Low
101484,0.114175,0.00-0.20 Very Low
100867,0.113962,0.00-0.20 Very Low
101393,0.113607,0.00-0.20 Very Low
101295,0.113574,0.00-0.20 Very Low
100368,0.113243,0.00-0.20 Very Low
101293,0.113124,0.00-0.20 Very Low
100291,0.11285,0.00-0.20 Very Low
100114,0.112671,0.00-0.20 Very Low
100824,0.112619,0.00-0.20 Very Low
101430,0.112248,0.00-0.20 Very Low
101469,0.112205,0.00-0.20 Very Low
100611,0.112161,0.00-0.20 Very Low
100278,0.11183,0.00-0.20 Very Low
101310,0.111665,0.00-0.20 Very Low
101376,0.111141,0.00-0.20 Very Low
100477,0.110704,0.00-0.20 Very Low
101016,0.110656,0.00-0.20 Very Low
101162,0.110396,0.00-0.20 Very Low
100730,0.110233,0.00-0.20 Very Low
100633,0.110146,0.00-0.20 Very Low
100263,0.109874,0.00-0.20 Very Low
100386,0.109823,0.00-0.20 Very Low
100662,0.109808,0.00-0.20 Very Low
100786,0.109731,0.00-0.20 Very Low
100623,0.109699,0.00-0.20 Very Low
100954,0.109391,0.00-0.20 Very Low
100902,0.109369,0.00-0.20 Very Low
100409,0.109273,0.00-0.20 Very Low
100441,0.109026,0.00-0.20 Very Low
101088,0.108999,0.00-0.20 Very Low
100915,0.108886,0.00-0.20 Very Low
100214,0.108626,0.00-0.20 Very Low
100640,0.108356,0.00-0.20 Very Low
100357,0.108307,0.00-0.20 Very Low
100665,0.108142,0.00-0.20 Very Low
100085,0.108125,0.00-0.20 Very Low
100584,0.108109,0.00-0.20 Very Low
100330,0.108054,0.00-0.20 Very Low
100234,0.107989,0.00-0.20 Very Low
100358,0.107904,0.00-0.20 Very Low
101417,0.107859,0.00-0.20 Very Low
100655,0.107645,0.00-0.20 Very Low
101168,0.107373,0.00-0.20 Very Low
100944,0.107261,0.00-0.20 Very Low
100609,0.10692,0.00-0.20 Very Low
100222,0.106772,0.00-0.20 Very Low
100284,0.106514,0.00-0.20 Very Low
100093,0.106413,0.00-0.20 Very Low
100717,0.106145,0.00-0.20 Very Low
100520,0.106071,0.00-0.20 Very Low
101235,0.105986,0.00-0.20 Very Low
100045,0.105901,0.00-0.20 Very Low
101043,0.10576,0.00-0.20 Very Low
100888,0.105485,0.00-0.20 Very Low
100335,0.105371,0.00-0.20 Very Low
101124,0.105279,0.00-0.20 Very Low
101422,0.105176,0.00-0.20 Very Low
100606,0.105137,0.00-0.20 Very Low
100714,0.105033,0.00-0.20 Very Low
100719,0.104382,0.00-0.20 Very Low
100505,0.104177,0.00-0.20 Very Low
100495,0.104083,0.00-0.20 Very Low
101423,0.103959,0.00-0.20 Very Low
100704,0.103758,0.00-0.20 Very Low
100747,0.103712,0.00-0.20 Very Low
100680,0.103445,0.00-0.20 Very Low
100410,0.10338,0.00-0.20 Very Low
100099,0.103258,0.00-0.20 Very Low
100934,0.103251,0.00-0.20 Very Low
101374,0.103213,0.00-0.20 Very Low
100758,0.103149,0.00-0.20 Very Low
101079,0.103113,0.00-0.20 Very Low
100351,0.102735,0.00-0.20 Very Low
100556,0.102101,0.00-0.20 Very Low
100992,0.101869,0.00-0.20 Very Low
100617,0.101617,0.00-0.20 Very Low
101133,0.101413,0.00-0.20 Very Low
100659,0.100964,0.00-0.20 Very Low
101140,0.100696,0.00-0.20 Very Low
100650,0.100436,0.00-0.20 Very Low
100882,0.1004,0.00-0.20 Very Low
101207,0.100055,0.00-0.20 Very Low
100615,0.099735,0.00-0.20 Very Low
101382,0.099616,0.00-0.20 Very Low
100201,0.099421,0.00-0.20 Very Low
100011,0.098361,0.00-0.20 Very Low
100721,0.098265,0.00-0.20 Very Low
100014,0.097416,0.00-0.20 Very Low
100555,0.096802,0.00-0.20 Very Low
100145,0.096423,0.00-0.20 Very Low
100799,0.096229,0.00-0.20 Very Low
100285,0.09621,0.00-0.20 Very Low
101279,0.096164,0.00-0.20 Very Low
101073,0.09579,0.00-0.20 Very Low
101487,0.095319,0.00-0.20 Very Low
100212,0.095231,0.00-0.20 Very Low
101125,0.095126,0.00-0.20 Very Low
100129,0.094861,0.00-0.20 Very Low
100250,0.094726,0.00-0.20 Very Low
100466,0.094479,0.00-0.20 Very Low
101145,0.094047,0.00-0.20 Very Low
101318,0.093129,0.00-0.20 Very Low
100465,0.091861,0.00-0.20 Very Low
101231,0.091803,0.00-0.20 Very Low
100333,0.09168,0.00-0.20 Very Low
101155,0.091605,0.00-0.20 Very Low
100248,0.091031,0.00-0.20 Very Low
101325,0.09103,0.00-0.20 Very Low
101442,0.090961,0.00-0.20 Very Low
101080,0.090554,0.00-0.20 Very Low
101370,0.090422,0.00-0.20 Very Low
101481,0.090349,0.00-0.20 Very Low
101435,0.09033,0.00-0.20 Very Low
100537,0.089708,0.00-0.20 Very Low
100918,0.088557,0.00-0.20 Very Low
100119,0.088315,0.00-0.20 Very Low
100067,0.088287,0.00-0.20 Very Low
100875,0.087891,0.00-0.20 Very Low
100808,0.08787,0.00-0.20 Very Low
101352,0.087576,0.00-0.20 Very Low
100436,0.087437,0.00-0.20 Very Low
101367,0.087309,0.00-0.20 Very Low
101299,0.087032,0.00-0.20 Very Low
100264,0.086994,0.00-0.20 Very Low
101083,0.086798,0.00-0.20 Very Low
101498,0.086287,0.00-0.20 Very Low
100404,0.085988,0.00-0.20 Very Low
100956,0.085845,0.00-0.20 Very Low
100123,0.085568,0.00-0.20 Very Low
100843,0.085388,0.00-0.20 Very Low
100083,0.085194,0.00-0.20 Very Low
100988,0.085041,0.00-0.20 Very Low
101322,0.084512,0.00-0.20 Very Low
100290,0.082929,0.00-0.20 Very Low
100978,0.081532,0.00-0.20 Very Low
100076,0.080704,0.00-0.20 Very Low
100071,0.080378,0.00-0.20 Very Low
100033,0.079551,0.00-0.20 Very Low
100842,0.079525,0.00-0.20 Very Low
100887,0.07827,0.00-0.20 Very Low
100399,0.078113,0.00-0.20 Very Low
101426,0.077258,0.00-0.20 Very Low
100702,0.076888,0.00-0.20 Very Low
101046,0.075974,0.00-0.20 Very Low
101452,0.072447,0.00-0.20 Very Low
100249,0.072243,0.00-0.20 Very Low
100088,0.071894,0.00-0.20 Very Low
100295,0.071843,0.00-0.20 Very Low
100616,0.071499,0.00-0.20 Very Low
100757,0.071283,0.00-0.20 Very Low
101457,0.070174,0.00-0.20 Very Low
100678,0.070084,0.00-0.20 Very Low
100459,0.068508,0.00-0.20 Very Low
101216,0.068196,0.00-0.20 Very Low
100372,0.066649,0.00-0.20 Very Low
100540,0.066201,0.00-0.20 Very Low
101193,0.065191,0.00-0.20 Very Low
101233,0.06501,0.00-0.20 Very Low
100428,0.063723,0.00-0.20 Very Low
100464,0.060032,0.00-0.20 Very Low
101120,0.058757,0.00-0.20 Very Low
100101,0.057902,0.00-0.20 Very Low
100449,0.05681,0.00-0.20 Very Low
101434,0.055516,0.00-0.20 Very Low
100628,0.053923,0.00-0.20 Very Low
100675,0.053661,0.00-0.20 Very Low
100718,0.052198,0.00-0.20 Very Low
101496,0.05185,0.00-0.20 Very Low
100206,0.047147,0.00-0.20 Very Low
100396,0.047088,0.00-0.20 Very Low
100279,0.045304,0.00-0.20 Very Low
100073,0.043418,0.00-0.20 Very Low
100158,0.041121,0.00-0.20 Very Low
100244,0.040057,0.00-0.20 Very Low
